Location1,Location2,Driving,Walking
LD3372,QTI,3,17
LD3372,PR7649,4,24
LD3372,LDDM,3,15
SR2852,CN8102,3,18
SR2852,NVT,3,17
VML,LG8407,3,13
PR2490,EIR3,3,16
PR2490,A25A1,3,16
PR2490,BL2486,4,23
FZIN1,RA2810,8,47
VN4702,PS1619,3,14
SRP1,BRVS,2,8
VN3293,CP1464,4,20
VN3293,MT2844,5,28
SRP2,RU2015,3,14
CR2390,ED1099,2,13
CR2390,PCRJ1,2,11
CR2390,FSTO1,3,14
CR2390,TI1747,5,30
CSS2,PB3401,2,11
CSS2,CM2246,2,9
TP8140,AJ3088,2,9
CN8102,STCT,2,9
CN8102,CR2384,4,22
CT4034,QT1838,2,11
CT4034,BSEE1,2,9
TPR,FT1456,3,13
CHOL2,CR2390,3,15
CSC,PR2490,1,6
MP1840,RALG,2,9
MP1840,DC9914,2,8
MP1840,CO7757,5,30
ED1183,FR3216,2,7
ED1183,AR3169,1,7
PR1973,QS1438,4,19
RL2726,PT5539,60,361
RL2726,QT2426,63,374
RL2726,RG1267,2,12
RL2726,SLOP,3,17
GA1,DV2,1,5
RAZ,BN7548,2,10
CSS3,CM2246,2,7
CSS3,HE2601,3,14
VA1377,CL8545,4,20
VA1377,ILHA,3,17
PR1831,ES2500,2,12
RBSS2,SD1832,2,8
AL2335,TC1958,2,8
AL2335,FN1845,19,115
MTT2,MO7922,3,18
CG1903,CN2872,2,11
SI2,AUS,2,9
DJOA4,RFZ1,2,8
DJOA4,BLM,3,14
TXP1,MP1840,4,22
JD2306,PN2307,37,218
JD2306,PDC,65,390
JD2306,PV2109,2,8
DAM,MTT2,1,7
SB2955,CG1903,2,7
MO7922,MRD,2,12
MO7922,ES6335,2,10
MO7922,STP1,2,9
RT3208,QC2515,41,244
281460,CC3195,2,10
281460,EC,3,14
PC3146,CM2246,3,16
SI1,ES6335,2,11
PA9908,EN3031,3,16
PA9908,CH2788,X,7
PA9908,NOC,X,5
RALG,DAM,3,16
RALG,CAZ,4,22
RALG,AUS,2,8
RALG,SI1,2,8
AG2210,BVCM3,4,20
AG2210,AP6420,5,26
RE3339,BF1223,2,11
RE3339,HM1218,3,14
RE3339,LDDM1,2,10
BF1835,PC3146,4,19
BF1835,GD1451,3,17
FB3242,SRGB1,3,16
FL1848,SC1303,3,14
FL1848,CR1603,3,14
FL1848,DL2689,5,27
AL1295,GN2585,5,28
AL1295,ESPL2,X,7
AL1295,ESPL1,X,7
AL1295,QS1717,X,11
PFMA1,AL9726,3,13
PI3389,FO9891,4,19
PI3389,1SJB1,4,21
LDDM1,CSA3,4,21
DL2689,CN2845,3,18
PS1684,CB1286,6,36
PS1684,MF1014,3,14
AP6420,VE3773,2,11
AP6420,CART,3,13
CDL2,LGM2,1,5
QT2426,JMP1,3,16
QT2426,RA1873,44,263
QT2426,ST1095,3,17
MI9473,UV1403,3,14
MI9473,UVDE1,2,11
IS1015,AG1497,2,10
LME1,CR2601,3,17
PP2277,LARZ,3,15
SN2822,SAN2,3,14
HP3242,CV2407,4,22
TLR,TAN,2,7
DSRR1,TR9980,3,17
MO3337,AL2266,4,21
MO3337,IG1492,3,15
RF2899,AP1292,2,9
JP6553,AC2905,2,8
DC9914,FT2297,2,12
HSA5,PA3175,2,11
RPM2,MS7550,3,15
FO9891,BS3492,3,14
VL8486,BR2522,3,13
GJ2027,MN9231,1,6
CP2737,JP6553,3,13
CP2737,E109,2,7
JS1248,MTE,2,8
AK2386,HR2915,2,11
SAN2,CA2892,1,6
GN2585,EL1125,4,19
GN2585,PL1442,X,7
GN2585,ESPL2,X,9
GN2585,QS1717,X,6
GN2585,ESPL1,X,9
GN2585,JM1319,X,9
PD1337,RDA2,2,11
PD1337,MN9231,2,12
CA2892,IS1015,2,11
CA2892,SA6549,3,15
CA2892,JS1248,3,14
AMSE,LE3860,2,10
VDE,UV1403,2,11
MS1,SBNT3,2,9
MS1,1SBNT,2,10
MS1,PL1442,X,8
COEM,VAL,3,13
ST1954,BR2565,2,9
BRVS,RS1089,12,72
VALE,BNV2,2,7
SA6549,SN2822,4,21
SA6549,JS1248,2,11
SP2293,RG2344,2,10
RB8115,RP1027,2,12
RP1027,GA1104,1,6
RG2344,ER2955,3,14
CM3394,VL2574,51,302
IP1771,HS2829,4,20
IP1771,HS1848,4,24
IP1771,HS9437,3,14
ER2955,ST1547,2,11
MC1631,9A2814,2,11
GODS,MT1154,2,10
CDR1,R55640,2,11
RO1677,FRXI3,2,7
SO4917,HM1129,2,12
LD2795,CRRP2,1,6
LD2795,BF1223,3,14
ME1542,MR1546,3,16
ME1542,AM2876,3,17
SC1628,RA1873,56,332
ST1095,RL2726,64,382
VD8079,SS9053,2,11
PL2535,GG2047,3,15
PL2535,GRJ,3,13
BZ2583,RT2110,3,17
FL3318,PL1632,3,13
DR1961,OG1585,3,14
DR1961,AS1358,2,7
SLOP,TV2543,1,5
CV3149,CM1711,2,12
IM6138,SL9302,3,15
IM6138,MAIA3,2,8
IM6138,LA2622,2,7
CM1711,LM1408,2,9
AC2182,PI3236,2,12
SL1176,DT2,2,9
SL1176,DQL1,2,12
SL1176,PD2121,1,4
PI3236,AQ2796,3,17
TCVC,ALPR1,2,8
AQ2796,HI1156,2,10
ES6335,SI2,3,14
LM1408,EN1565,3,16
RCH1,AC1332,4,20
AG1272,AG3063,1,7
AUS,MP1840,3,15
AUS,LI4384,3,14
RZ1532,RRDL1,3,17
FT2297,JN5673,3,17
FT2297,BL2517,4,20
HM1218,LD1103,2,7
HM1218,PR7649,4,20
HM1218,LD3372,2,8
AR2202,AR8113,2,10
RRDL2,RZ1532,3,17
C62220,QS2101,3,16
C62220,SMAT3,X,9
C62220,SM1440,X,9
C62220,SMAT4,X,9
AE2388,EX2736,2,12
AC1332,RZ1532,3,16
AC1332,RCH2,4,20
SOCR,CV2407,4,21
BR2729,FT2968,4,21
BR2729,LD2795,3,15
TARG2,PN2287,3,14
LB5790,ACDR2,2,10
LB5790,SO3173,6,36
HI1156,PA1901,3,18
EL1125,PL1442,2,11
EL1125,GN2503,X,8
EL1125,JM1319,X,8
EL1125,QS1717,X,9
CR1595,PF4735,4,19
CR1595,PT1759,98,588
CR1595,ERM4,101,604
CR1595,JD2306,100,595
SC1522,BG2959,2,12
MAIA,VI3275,1,5
MAIA,VB2322,3,15
TVAS1,LV2483,2,9
AC2905,CR2489,50,296
ETRP2,CQ2354,3,19
IR2166,SJ2912,2,8
IR2166,BR1267,2,9
NT1289,PM1446,2,11
RG8030,RB6728,1,6
PRNT,PM1344,1,6
FT3333,PI2231,2,9
SP4,MA4323,3,17
IGRT1,LO2889,2,9
JM1319,GE2978,2,9
AR1472,JA6625,3,16
UV1403,VDE1,2,9
TR9980,DI2395,3,15
TR9980,HG2228,1,5
TR9980,LG5831,2,12
ST1194,MG8290,3,16
CO3177,FN4713,1,6
DT2,PR2162,1,6
PM2786,AV6817,4,23
ALPR1,VDV2,2,10
PS2465,GU2226,2,13
PH1918,SA1813,2,12
RI4113,ER7208,4,21
AB3283,LM3272,2,11
AL2408,BT1769,20,119
AL2408,281460,1,5
AL2408,AL2335,100,597
MTE,TLR,3,17
LM2164,RF3641,2,10
GC2640,PR1973,3,14
GC2640,BR2522,4,22
FC2707,HM3277,2,10
LM3272,PC1462,1,6
INFH1,SR1833,4,21
PR2125,AH1768,3,16
PR2125,NE8738,7,42
GU2226,MN3358,2,10
GU2226,CRUG1,3,15
MA4323,PD2401,3,13
MA4323,SMAT4,4,24
MA4323,SM1440,5,28
FS1335,AP2370,3,16
FS1335,LO1726,X,10
FS1335,MA4323,X,10
FS1335,SP1779,X,6
FS1335,MATM2,X,9
FS1335,SP4,X,5
QS2101,PM3375,3,15
QS2101,SMAT3,X,11
QS2101,SM1440,X,11
QS2101,MA4323,X,6
QS2101,SP1779,X,10
QS2101,MATM2,X,6
QS2101,SP4,X,9
QS2101,SMAT4,X,10
PM3375,FT3163,2,10
PM3375,MA4323,X,6
PM3375,SP1779,X,6
PM3375,MATM2,X,5
PM3375,SP4,X,5
CB1286,SP2293,2,11
HS9437,RCA,4,23
HS9437,AS1358,2,11
EM2080,HS1569,3,16
HIPD,QT3055,3,16
HIPD,PTLS3,X,8
4C2453,TA2652,4,20
SA5768,TOR4,2,13
AC2970,AV3110,58,344
AC2970,BR2924,2,11
SR7407,PJ1865,4,21
MATM2,SP1779,3,14
FM4659,CH5410,3,17
CR1955,RG6870,2,11
BR2518,CF1065,56,333
TV1557,PR2125,3,18
TV1557,VL8486,2,8
TMPR1,LG2865,1,5
MT1388,AL1500,3,16
FA2740,VF3138,2,12
JRC1,PF3284,3,14
ES8542,RT2224,2,7
RF3641,RB8115,2,12
SMAT4,MA5944,2,7
CU2745,DBT2,4,20
CU2745,TF3064,2,12
PC1462,LM2164,2,7
TR1550,PA1372,3,13
DD2008,5O1371,2,8
DD2008,SGMC2,2,12
AR8113,VR1999,4,23
AR8113,RG1580,3,13
AR8113,AA1662,2,9
UC4142,PC9232,3,15
BR2565,RC1616,2,9
RM2464,PM1309,3,16
IG1492,EQ7222,2,7
IG1492,MC8430,2,9
DJ2951,BP2812,3,14
DJ2951,SR2748,2,8
PA1372,PG3116,2,11
PA1372,PJ6116,2,11
PA1372,FL3318,5,25
BR1267,CR3043,4,21
BR1267,BR2270,2,12
PL3065,CO2295,3,17
SC1303,AL1497,2,9
SC1303,PD1658,33,194
PUNV,FE1619,3,14
MS7550,BV2048,2,13
MS7550,1R9A1,2,10
PL1632,LR3170,4,19
PL1632,AL1497,2,12
CR2384,CHOL2,2,11
CR2384,PR1831,4,24
CR2384,BMAF1,3,13
CR2384,ES2500,4,21
JB2522,SR2748,3,18
JB2522,AALB,2,8
EM1589,PR5671,3,16
IGAL2,PFMA1,1,6
IGAL2,BA9686,3,17
PG3116,FL3318,3,15
PG3116,FL1848,4,22
AN8378,MA4105,2,9
AN8378,RC1616,4,22
AN8378,FMAG,4,19
FO4447,FC3658,3,16
FO4447,MAIA,1,5
BL2517,MC8901,2,10
BL2517,BLFZ1,1,4
BL2517,GC2190,3,16
HE2601,CSS2,2,12
FMPT,GA1081,1,5
PC9232,TR1550,3,15
CDPD,SO3173,2,8
QC1794,FM4659,2,7
PD2121,C21640,3,14
PD2121,VA1377,75,451
PD2121,C24A4,3,16
FT3163,FS1335,2,9
FT3163,LO1726,X,9
FT3163,MA4323,X,8
FT3163,SP1779,X,5
FT3163,MATM2,X,7
FT3163,SP4,X,4
FT3163,PD2401,X,12
JB9828,FC8390,2,12
GC3111,PI3389,3,17
C24A4,DJOA4,3,13
CR1603,OU3860,2,12
AL1497,LR3170,2,12
AL1497,MARB,2,13
BF2552,CHOL2,3,13
AD4498,CI2941,8,48
AD4498,RPM2,2,10
QR1888,AR2517,3,16
BV2048,NA1548,3,13
MO2214,PD2792,33,194
LA7245,HS4476,3,15
VTO4,CO1691,3,14
AR2517,MA1883,2,13
AR2517,FE2668,19,113
AR2517,RCNH1,26,153
MR1870,RB2963,2,7
MR1870,LGAJ3,X,7
MR1870,VTC2,X,8
MR1870,CAVE4,X,6
MR1870,FTN2,X,7
CTP,AQ2147,3,17
TSL1,TV2543,2,11
AL2266,MR1870,3,17
AL2266,INF1,5,26
AL2266,VTC2,X,8
AL2266,FTN2,X,8
TSL2,SA1813,3,18
AG3063,PM6154,2,10
AG3063,VE1096,3,14
HS3451,CO1691,2,12
MA1883,MO2214,3,15
PA3175,HSA,4,21
PA3175,HS3451,4,21
PA3175,VTO4,4,20
RPR,MV6848,1,4
RC2852,BE3223,112,669
NATV,JF2460,2,11
PDB1,PD1528,3,13
SO2420,PI2886,2,12
LG4030,CS1853,2,11
LG4030,SO1,2,12
CM2834,CZ3100,3,14
CM2834,ICDF1,2,10
MP2274,MP2156,2,8
MTCV,CTP,2,8
MP2156,EF3008,3,15
MN9231,PC9404,3,14
MN9231,MDCS1,2,9
AA1669,VN5229,2,11
AA1669,SC8866,2,12
PC2357,FC2707,2,10
PC2357,SO4917,26,153
VP1490,PC9404,6,33
FIG,CV9711,3,16
PO1707,PA5518,2,8
FSTO1,BF2552,2,10
FSTO1,FALC,2,10
MA1592,TR3063,2,12
MT3103,AG1272,2,11
NA1548,CV2407,1,4
CP1310,ABX2,2,11
1R3286,PS1684,4,20
1R3286,AH1768,106,635
AQ2147,FG2887,3,15
AQ2147,PISC,2,12
BR2270,CR3043,3,13
RFND2,PS1684,4,22
VI3275,VI1044,38,227
VI3275,PSP1,3,13
CV2407,CS2633,5,30
CV2407,CT1621,4,23
CV2407,HP2434,2,12
CV2407,BRCV,3,13
LARZ,ST2136,1,7
RB1068,FT2949,2,9
VE3773,CART,2,8
HS4476,PR1759,3,13
ERM4,BV2655,2,10
ERM4,VA9994,2,7
ERM4,ER7208,2,12
FT1456,BFB,2,8
FT1456,BCNT,3,13
QT1838,AV2513,3,15
R7N1,R15,2,12
1PEI1,1P1556,4,22
HS2829,ES1431,3,15
HS2829,RCA,3,17
R7P1,CDR1,2,12
BA1571,JF3158,3,16
ICAM1,QBNJ2,3,14
MM2205,MMAI5,3,16
MM2205,PDM4,4,20
QT5084,CV2407,3,17
R55640,R7N1,3,14
FTN2,CAVE4,2,9
PM5953,PD2580,2,12
PM5953,CHC1,3,16
PM5953,PN2287,50,301
ID3171,GT2721,3,15
HG2228,CM3198,2,13
HG2228,GE2978,4,20
JF3158,GEST,2,7
BR4175,PN8585,4,23
BR4175,BR2480,46,273
FT2949,EM1589,2,13
PDM4,RA1873,49,293
SRGB3,ES2500,2,8
SRGB3,ILH2,3,14
CZ1297,R55640,2,10
FR1174,PT9586,4,20
SR2748,SR2078,1,6
AZ1920,LG8407,2,9
AZ1920,BLGT1,2,8
CHC2,PM5953,3,13
FMAG,FT1456,3,15
RCNH2,AR2517,26,152
MF1014,VL2574,3,14
FT2968,PN1338,3,16
FT2968,AB1033,1,4
FT2968,LG2592,3,18
ER7208,ER4309,2,9
PM6154,RGLO2,3,18
MR7780,MTCV,3,15
MA1037,SC1628,3,15
PT9586,AL1295,2,11
PT9586,ESPL2,X,8
PT9586,ESPL1,X,8
PI1062,AR3154,2,13
MS2,RB1280,2,10
MS2,RB2963,3,18
MS2,PL1442,X,9
OU3334,SA2701,45,271
OU3334,SO2638,1,4
RC2358,AS2101,22,127
MG8290,MN2732,2,12
BRNS,TV1557,3,13
LV2483,CB1142,2,8
LV2483,5O1371,27,160
ACAR,GC2640,2,10
QT3155,CC4733,2,9
QT3155,PIN1,2,7
CB1142,CT8136,2,13
CM2246,ND2509,3,16
CM2246,PB3401,2,11
CSRT3,DC2628,2,10
CSRT4,IG2530,3,14
MT9888,MA2113,2,8
SR1357,ST1459,3,14
DC2628,SC9454,2,8
DC2628,CSRT4,2,8
MA2113,AZ2586,3,14
GODC1,BV2547,3,15
PR1151,LG2592,3,13
AS1756,RM2282,3,14
HM3201,CH1986,3,13
IG2179,TE1377,2,10
TT7339,FR1954,2,11
LA2622,VG4578,2,8
LN5591,CSSH1,4,21
BR1165,MSB2,4,23
BR1165,ABX1,2,12
EN1565,PN1817,4,24
SCAL2,SC8866,2,11
GU2273,FL1588,21,124
PC5908,CV3149,2,10
CH1464,AF3339,4,24
DM6400,QN2944,2,8
HB7334,SM1796,18,108
AHRQ2,RFND2,2,12
CRRP2,BR2729,2,9
AN3138,VR5548,3,18
DBT1,CU2745,4,19
VLN1,ALCF1,2,12
VB2322,MAIA4,4,21
CMV,VA1377,1,6
VG4578,TVAS1,2,11
VG4578,IS2125,61,367
NZ5678,RM2464,3,13
DP2211,ME1525,2,10
SC2047,AR2517,22,128
AR2471,MT9888,3,15
1MST1,MJ1738,1,4
1MST1,1T2785,3,13
BS6325,GO2195,3,15
TEC,FCA,4,23
TEC,CH2788,X,7
TEC,NOC,X,7
PR1149,AEPT1,3,16
PIN1,MAII1,2,10
FC1097,QT1373,3,14
FC1097,ACDR1,2,10
CH1986,SCAL2,2,9
CH1986,IG2530,4,23
RE3044,GN4164,2,13
SL9302,LV2483,3,17
AN1376,GU2451,3,16
AN1376,ZO1512,31,186
AN1376,NZ5678,91,545
DN4347,GC2640,2,12
DN4347,FNTL1,2,11
MDLI2,SA6549,2,10
GC1513,FT3014,3,15
CA2227,SRHE3,3,16
OL7169,AS3353,3,14
OL7169,TC1359,3,14
RCNH1,CS2273,3,13
AF3339,AGN,2,12
BA2390,JQ1640,2,12
ASP2,ST2136,3,17
PJ1865,CA2227,3,14
FR1954,RO1677,2,10
TC1958,IG3316,2,9
FA6346,ST5756,2,11
BP2812,IN3005,2,9
BP2812,JRC1,2,8
JQ1640,312129,3,13
TL2580,ES2643,2,12
GU2451,CR1595,3,15
GU2451,CHC2,46,273
RG1267,MS6903,2,12
RG1267,RI4113,2,8
HM3277,ML3207,3,13
AL1500,BA3347,2,10
PDLF2,FE3285,3,18
INF1,LGAJ3,X,6
INF1,VTC2,X,10
INF1,GN2503,X,10
INF1,PL1442,X,10
INF1,CAVE4,X,7
INF1,FTN2,X,8
AB1494,MT1388,2,11
BV2655,ER7208,2,10
SA1813,TSL1,3,18
QT3055,C62220,2,12
QT3055,PTLS3,5,26
QT3055,AE2388,3,15
QT3055,CO1721,17,101
QT3055,RG1616,X,10
BB9257,VE3773,2,11
PT1759,SB2955,3,16
PF4735,AL1981,3,15
PF4735,MTD,5,26
251307,OL8727,4,20
251307,PA1227,3,15
251307,CMV,4,19
251307,CGG,39,229
TI1747,NOB1,2,13
TI1747,CM2246,5,28
ABX1,CP1310,2,12
PR2162,HE2601,4,22
PR2162,SL1176,3,14
GN3309,TP8140,2,9
RG6870,CU1212,3,14
ER4309,CR1595,100,600
ER4309,ERM4,1,5
ESPL2,DQL1,6,33
ASZE1,PA1372,8,43
GS2634,RN5978,2,13
GS2634,EZ2480,26,157
GS2634,EPC1,3,15
NSHP,RA2810,3,18
EX2736,RE3052,2,13
MC8430,MO3337,4,23
MC8430,NOC,X,11
MC8430,AR1472,X,11
CA1424,CU2745,2,13
ME1525,CN2443,3,16
CM2791,BO1594,2,12
SRGB1,SR2844,1,6
SRGB1,SR2852,4,19
LPC,TEC,2,11
MT1154,1RI1,3,13
ES2643,GN3309,2,9
FNTL1,AC3100,4,20
TV2543,RL2726,2,12
TV2543,TSL2,2,11
ST5756,TV3777,5,26
ST5756,AA1357,1,4
BA3347,AM2406,3,15
SR2844,BR4175,3,15
SR2844,SR5,1,7
SR2844,TP1508,4,20
SR2844,SRGB3,1,4
SR2844,RC2158,2,11
BS3492,AC2008,3,17
BS3492,BB9257,2,12
SA1252,QC1794,3,15
LD1103,LDDM,2,12
LD1103,CSA3,3,14
LD1103,MF1,2,9
EPC1,DBT1,2,10
SMAT3,SP4,7,42
TE1377,CS2273,2,7
LI3225,RR3392,1,7
LI3225,R10,2,12
MA5944,AL1101,2,12
MA5944,SMAT3,2,7
IS2125,AS3353,3,15
IS2125,NT1289,86,513
VL2574,SM1796,50,300
VL2574,BO1118,3,17
VL2574,TA3010,54,323
AR3154,QU2529,4,20
TMEI1,AA1669,4,19
SE8462,ST1095,2,12
PP6997,AS3038,3,17
VE1096,AR2517,22,132
EN2965,CT3331,2,7
RM1909,QR1888,3,14
RM1909,TMPR1,2,12
CR1995,SE8462,2,12
JP2808,CR4246,2,10
ME2272,VML,14,80
ME2272,SR2844,5,28
VF3138,PL1005,3,13
IS2129,IS2070,2,10
IS2129,DSS,2,8
IS2129,ESS1,2,11
IS2129,AL3039,3,14
QC2515,LN5591,2,7
QC2515,RNSG1,3,18
QC2515,SHRM2,3,14
QC2515,ES1795,40,240
VD2320,TL2580,3,17
ES2082,CR1995,4,23
MAII1,JZ1043,1,5
ST2042,BR2518,2,9
PC3264,ST3098,2,8
JC1294,MC1804,2,12
BR2368,CP4140,2,11
CT3331,SS8901,3,14
QS1438,HS6137,4,22
HS1848,HS2829,1,5
HS1848,AS1358,4,20
HS1848,HS9437,2,10
HS1848,IPO2,3,16
PT5539,ST1194,2,12
JZ1043,VB2322,2,10
JZ1043,MAIZ,2,10
AZ,BL2038,1,6
RB1080,RS1912,1,6
MA2767,PC3264,2,10
FE2668,TARR2,1,6
CQ2354,TI3354,2,12
CQ2354,PC8907,5,26
CQ2354,MA5590,4,19
ST3098,CP1310,2,9
TMPR2,RM1909,2,11
TI3354,HM3277,3,13
TI3354,CQ5,3,13
TI3354,PC2357,2,8
FR2134,VD8079,3,13
ST1776,FG2606,3,17
GT2721,BL2883,2,12
PG1573,PI2982,4,21
TL1192,GS2804,82,492
TL1192,INFH1,84,501
TL1192,AL3039,56,333
TL1192,CA7045,55,330
TL1192,BR2743,5,29
TL1192,FR1082,6,33
FN1845,5O1371,30,177
FN1845,AHRQ2,13,73
RB5549,RN1046,4,24
RB5549,EN2965,3,18
1A2384,PR8534,2,13
1A2384,AA1146,1,6
1A2384,SC1303,27,163
1A2384,GGF1,3,17
1A2384,MC8901,3,14
1A2384,SCAT3,4,20
BL2883,TT7339,3,14
RS1089,SRP2,13,77
RS1089,JA3379,12,67
RS1089,PL1005,2,11
SE2762,SR1105,2,11
SE2762,NSHP,4,24
AJ3088,PC1453,2,11
AG1497,GJ2027,2,12
RA1873,TV1557,3,15
RA1873,LD3372,6,34
RA1873,PD2580,50,295
RA1873,PC5908,61,363
CIRC5,JA3379,2,10
CP1464,AM1919,3,18
GN4164,BV3038,3,14
TR2349,AA1146,4,19
TR2349,1A2384,3,14
TR2349,JN5673,2,10
TR2349,PR8534,4,22
RNSG1,AP1644,2,8
PAP2,SHRM4,2,11
RNSG2,QC2515,4,19
BSEE2,CT4034,2,9
MA5590,CQ5,3,15
SRHE3,ISRH4,3,14
CS2633,SD1832,4,20
CS2633,MRS2,2,9
JN5673,BL2517,1,7
IN3005,CM1356,2,12
RN5978,RB1080,2,9
ES1795,SC1522,2,12
UVDE1,VDES,2,13
CQ5,PC8907,4,23
AB1033,LG2592,4,20
ML3207,CR2489,4,19
ML3207,FC2707,2,12
ML3207,JNN2,2,9
MR1844,AP1292,2,9
MR1844,GA1,3,17
HSA,CO1691,2,12
AB1593,RBSS2,3,18
HP2434,CI2941,3,15
CT1657,AR3384,3,14
RT2110,PE4096,2,8
RT2110,DP2211,2,10
LE2237,CT3331,4,24
PD1658,C21640,3,18
PD1658,COLS,2,8
SJ2912,AB2505,4,19
SJ2912,PI3389,4,21
IG2530,IGRT1,1,6
IG2530,LE2237,2,10
RG3293,EC2700,3,14
AM1919,ST3085,3,13
AM1919,AZ,1,4
DC4376,IA3230,3,18
TBNJ2,PINC2,2,10
ML2255,CT1621,2,11
CV1289,CH1986,3,16
SA8592,ES8542,2,9
LG1432,UF2412,2,12
JF2785,VP1490,2,11
RB2963,MFB2,2,11
RB2963,LGAJ3,X,6
RB2963,VTC2,X,9
RB2963,PL1442,X,10
RB2963,GN2503,X,10
RB2963,CAVE4,X,6
RB2963,FTN2,X,8
QBNJ2,TBNJ2,2,12
TF2,PRNT,2,10
PI9422,FA6346,3,14
MARB,LPC,1,6
PINC2,CM2246,5,28
LION1,MT2392,5,25
AZ1624,PR7649,4,19
AZ1624,HM1218,3,16
AZ1624,LD3372,2,12
AZ1624,SR7407,2,9
AZ1624,RA2810,6,31
ES1912,LA1068,2,9
CRUG1,SA5768,2,8
CR2489,PG1573,1,5
CR2489,PI2982,4,24
CR2489,SN2822,46,274
.,MM2205,3,17
1B2611,PR2962,2,10
1B2611,BC2653,4,20
1B2611,BVCT1,3,15
RB1280,EL1125,3,14
RB1280,MS1,2,11
RB1280,RB2963,3,13
RB1280,LGAJ3,X,9
RB1280,GN2503,X,9
RB1280,PL1442,X,7
RB1280,CAVE4,X,10
FRC,FR4488,3,16
PRDJ2,BLFZ1,3,16
PRDJ2,MC8901,2,7
GRJ,AP6420,4,20
GRJ,AG2210,3,17
GGF1,CMO,2,10
TA2652,FS1324,6,33
CP4140,BRA1,2,7
ACN1,FG2887,3,16
ACN1,CO7757,1,5
AL1101,PQBT3,2,7
AL1101,AC2970,3,17
OLM,MR7780,3,18
CART,FC8390,2,9
CART,JB9828,2,12
PA1901,JF3158,3,15
BE3223,CS3106,3,14
BE3223,BC4812,108,648
MAIZ,MAII1,1,7
MAIZ,QT3155,2,9
PL1442,GN2503,3,14
1RI1,1GFE1,5,25
SR1105,RS2461,2,7
SR1105,CIRC5,2,9
ACDR2,BR2480,2,10
ACDR2,FC1097,2,10
ND2509,ED1183,3,16
ST3085,IP1771,4,21
CP1587,VF2780,2,8
CP1587,LG1432,3,16
LO2889,PCNS,2,9
JRC3,BP2812,2,11
ML1776,OU3334,43,257
RS1912,FA2740,2,11
PE4096,LO2889,2,13
CPRN4,IP3228,4,22
VF2780,SV1045,4,19
VF2780,ACN1,2,12
VF2780,CS1351,2,10
IM2798,MP3389,3,13
SV1045,BV2048,3,17
AC1092,ST2042,2,12
ES2259,IG1103,2,9
VD2175,CCBR,2,9
MCE4,CA2338,2,9
MCE4,IG1492,2,12
MCE4,AR1472,X,12
MCE4,NOC,X,10
STLZ2,PP2277,3,14
IG1103,PC2357,22,128
1R9A1,1ADA1,4,19
SV3016,DC4376,1,6
SV3016,VD2175,3,13
SV3016,PL3065,3,14
SR5,FB3242,2,12
RG1580,ST1954,3,17
RG1580,RO1870,3,15
CR1236,AN1376,3,13
PDLF1,FO8720,4,24
RCA,FE2668,2,11
VDV2,INFH2,2,10
VDV2,SR1833,2,12
CM4611,GE2978,2,10
URBP4,UR9405,2,10
LI3265,CR2489,3,14
LI3265,DIU1,2,8
DE3073,BR2518,2,9
RFAR1,MF6357,3,15
COD4,VA9994,32,192
PD1528,CU1207,3,14
PD1528,NATV,2,10
A25A1,FV2324,2,9
CO2340,AL2408,104,624
HU1120,TNG1,2,13
SR1212,PP2277,2,10
BJ2736,CV7713,3,13
BJ2736,AC2970,57,342
BJ2736,PS2343,3,13
AF3087,AR2202,2,12
AF3087,HU1120,2,12
FG2887,MP1840,3,18
FG2887,CV7713,2,10
FG2887,HS4476,5,25
RC2815,PI1062,3,15
BR2333,BR3052,2,8
RGM,AV4393,2,12
AB2505,BR2333,3,14
AV4393,RS1089,4,19
CR2125,GI6143,2,8
CR2802,FR2134,3,14
TF3064,AV4393,3,13
TF3064,CU1212,3,15
TARR2,HS1848,3,14
CU1212,CU2745,1,7
FT1432,TP3926,2,9
GGF,CMO,2,9
PEDR2,JF2460,2,10
PI2397,GL2576,2,12
PI2397,TNG2,2,8
CMO,HSA5,4,23
CMO,1DBR1,2,10
CMO,CO1691,1,4
CMO,HS3451,3,14
MI2908,TL1192,52,307
RS2461,QC2515,4,19
PA3330,MT2026,2,10
COLS,PR3117,3,19
CU1207,PEDR2,3,17
CS2273,AN1376,82,489
CS2273,RCNH2,3,14
PR3117,AA1146,2,8
PR3117,PR8534,4,19
PR3117,TR2349,3,17
PR3117,1A2384,2,8
PR3117,HS3451,8,45
CT1901,CT1657,2,9
TLHR3,MI2908,3,18
PD2580,MM2205,3,18
PD2580,PDM4,1,3
GI6143,TR2444,2,10
BV3038,GS2634,3,13
JF2460,SC2047,3,16
JF2460,PDB1,2,8
JF2460,MMAI1,2,11
JF2460,LCMS1,3,13
JP4078,RM1945,3,14
JP4078,VI3275,40,237
LCMS1,HU1120,2,12
BR3052,FT2968,4,21
VG1628,RL2968,2,9
VG1628,CSSH3,2,9
RM1945,PR3606,4,19
MMAI1,AR8113,4,23
FRB,CR3043,3,15
RP2281,CM2791,2,12
BC2653,GRC1,3,16
BC2653,AG2210,4,23
BC2653,BV1043,2,12
BC2653,RBVM1,2,12
CS3342,HM3201,3,16
CSSH3,LN5591,4,24
UR3110,CS3342,3,15
RL2968,FT1432,2,11
CA3179,FN2615,2,9
FR3344,PR1149,3,14
GF2292,SM3282,2,9
RCT1,AR4770,2,12
BR2522,ACAR,2,13
BR2522,BRNS,3,15
AFHQ3,AC3100,3,16
PTLS3,SM1440,4,24
AU1994,AV3110,2,9
FRXI3,TL1192,5,29
SM1440,RG1616,2,13
SD1415,RG1616,5,26
GO2074,HM7076,3,16
GO2074,AL1101,1,5
GO2074,PQ7567,3,14
TE3279,CU1207,2,10
1GFE1,GODS,6,35
RN1812,5O1371,30,175
CS2827,SM1796,1,5
GRC1,CS2633,4,20
GRC1,OLM,3,14
GRC1,CV2407,3,18
BO1118,BE3223,3,14
CS1046,BR1267,2,13
MMAI5,GU2161,1,5
JA3379,VI3275,37,220
JA3379,BRVS,2,11
JA3379,SE2762,3,14
MA1247,AK2386,2,10
MA1247,RS1643,2,12
FT3014,RC2358,2,10
FT3014,CF1065,4,21
CM1725,BC2653,2,10
CM1725,RBVM1,4,21
CM1725,BVCT1,3,16
CM1725,GRC1,2,11
PR3358,PD2121,80,479
PR3358,RB1068,2,9
AL9726,PFMA2,2,12
AL9726,VL8486,2,10
SHRM2,SRHR,1,5
PR3606,URBP4,2,11
PR3606,ML2255,5,25
PR3606,CP1838,3,18
CF1065,AN8378,58,347
CF1065,LW3241,59,351
CF1065,251307,3,15
RTNM,251307,1,6
AC3100,MT1263,3,14
AC3100,BR2924,3,16
FC3658,AC2182,3,16
SRHR,CA2227,3,15
PJ6116,PG3116,2,11
IP3228,CV7713,5,28
IP3228,IS2129,3,15
IP3228,LG1432,3,17
BR2411,MI2908,2,9
BR2411,STLZ2,3,17
BR2411,CP4140,2,10
LU2292,LA2622,2,11
FN2615,VD8079,4,24
FN2615,UR3110,2,12
RT1803,SA1252,3,16
PS2265,PA2190,93,556
SO2638,DM6400,2,12
URBP3,PR3606,2,9
PA5518,SRLZ1,3,14
PA5518,IF2051,3,14
CT1621,LUG2,2,9
CT1621,HP3242,2,7
TM2387,OU3334,3,14
RR3392,EQ2023,3,16
MC8901,PR3117,2,11
MC8901,SC1303,30,176
MC8901,SCAT3,2,9
MC8901,TR2349,3,13
SB3070,MA1103,4,22
SB3070,MAIA,3,15
SB3070,LU2292,2,9
CAVE4,LGAJ3,1,5
GG5654,FM2013,2,9
SBNT3,PR3117,3,15
SBNT3,SDB5,2,12
SBNT3,PRDJ2,3,19
SBNT3,PL1442,X,9
SC9454,CH1986,2,8
AV6817,AM2876,3,18
PR2047,RP2281,2,10
PR2047,RG1742,4,22
TR1217,PR2047,2,8
TR1217,RGLO1,2,11
DTR,LI3265,2,8
DTR,RFAR1,1,4
LV2418,JL1982,3,15
MT2392,CE9760,2,8
LN2718,PR2047,4,19
CS3106,MA1352,3,14
BF1223,AN2044,4,21
BF1223,PD2792,2,11
JL1982,ME1542,2,11
JL1982,CN2872,2,9
BR1365,SGM,1,3
5O1371,HB7334,23,133
5O1371,BV2655,26,153
5O1371,DCPF1,2,8
MA1352,RN1812,2,12
HS1569,MV1869,2,12
MV1869,SA6039,2,8
R15,R1,2,11
RT3298,EB2715,2,12
AM2876,PC3273,3,17
AM2876,JL1982,2,8
AM2876,LV2418,4,20
GL2576,SGMC1,2,13
R1,LI3225,2,12
CO1359,BR1365,3,14
CO1359,CO5851,3,13
R10,R7P1,2,12
PR5671,JL8784,2,9
DCPF1,SR2097,4,21
PTLH,OL7169,2,7
DCPF2,5O1371,2,7
BFTM4,LD2795,3,13
CO5851,CCOR,1,5
PFMA2,IGAL1,2,7
CCOR,CO1359,2,9
PD2792,LD1103,3,14
PD2792,IGAL2,3,18
PD2792,BFTM4,2,12
PD2792,VL2574,88,527
PD2792,GF2292,37,218
ESPL1,QS1717,3,17
ALCF1,AL9726,3,15
CSA3,HM1218,4,20
CN2872,AM2876,2,13
RG1742,GG5654,2,11
AS1403,CR1176,2,11
AGN,VL2089,2,12
PR3366,RCH1,3,15
JL8784,VLG5,4,19
RGLO2,TR1217,2,10
MR1546,GA3330,3,17
MD2820,MDLP,2,9
MD2820,RRDL2,2,12
BC3087,LG8407,4,23
PDC,LG5831,3,17
CC1093,LG2865,1,6
FE3285,FE1619,3,17
FE3285,PDLF1,3,15
SJ2138,AB1593,4,20
SJ2138,SJ2912,2,9
SJ2138,1SJB1,2,8
PT4247,CR2802,3,15
CMSM1,BVC2,2,13
IC3257,251307,36,214
LV2211,CO2258,2,8
LV2211,PR2787,2,7
LV2211,COB6,2,10
CC2616,CR2375,2,10
CC2616,ROSA1,3,17
JA1326,VR1733,4,22
FM2013,AS1756,3,14
BVC2,LV2211,2,10
TRH3,MA1592,4,21
AP1292,CMSM1,2,12
RN1046,PQ5832,2,10
CR2375,RT3298,2,11
LN1366,NE8738,3,13
TR3063,CV9711,2,12
CE9760,CC1093,3,15
ES1200,BL2486,3,16
BV1043,HM4316,2,10
SR2078,PI3389,5,30
SR2078,GC3111,3,14
SR2078,JB2522,4,23
LI6201,PA3330,2,12
PV2805,JB2522,3,16
RA2114,CZ3100,3,14
RA2114,MR7780,2,10
CC3195,AR1472,2,7
CC3195,ST1459,51,303
CD2268,PR2680,4,22
CD2268,TRH3,3,14
CD2268,JP6553,41,243
ISRH4,PAP2,1,7
MT2026,SA5768,2,8
FR4488,IS1549,3,14
PN2307,TV1859,3,17
SHRM4,QC2515,2,11
RB6728,AB3283,2,8
GC2190,TR2349,2,11
GC2190,PR2680,3,14
GC2190,FT2297,4,24
PM1309,MV6848,2,10
ICDF1,CD2268,3,15
ICDF1,TR3063,2,12
BV2547,MT1154,3,13
BV2547,251307,39,231
FT2623,ID3171,2,11
CV9711,HM4316,3,15
CV9711,CM2834,2,12
IPO2,CSJ4,3,17
BCG,SP2072,20,120
AR1568,IG2179,3,14
AVF2,CS2633,5,26
MA3386,LFC,3,19
MA3386,AV1307,3,18
BSB,BCG,2,10
IK1877,MA3386,3,16
IK1877,FT2623,5,26
IK1877,LFC,4,19
GU2161,CZ1297,3,17
GU2161,.,1,4
PISC,BSB,2,11
PI1074,ES2259,4,19
RE3052,FM1760,3,15
RE3052,CS1902,3,17
CR1176,LV2418,4,21
PL1576,PI1074,2,12
DBT2,GS2634,4,23
PC3273,CO5851,3,15
PC3273,1P1556,3,16
FR1082,OL1393,3,17
FR1082,RO1677,2,8
TP2827,VD2320,2,12
TP2827,MSB1,4,19
BLGT2,AZ1920,2,8
SR2097,FM2013,2,9
SR2097,DCPF2,4,20
PQ2065,LG7160,3,13
PQ2065,BLGT2,2,8
SGM,FR8784,2,11
PSP1,IM6138,1,4
LG7160,CP2029,3,16
CP2029,PR1831,2,8
ES2500,SR2844,2,10
ES2500,ILH2,2,9
MA1103,AL2223,2,12
TNG2,HU1120,2,12
TNG2,CMPD2,2,8
BLGT1,PQ2065,2,8
SGMC1,DD2008,3,14
JFC,FSTO1,2,8
TNG1,PI2397,2,8
MC2794,BF2552,2,8
MC2794,ICAM1,2,9
EQ3378,VL1487,3,15
MAIA4,SB3070,2,9
MF6357,UC4142,2,13
MF6357,PLUZ1,4,20
MF6357,LI3265,3,14
MF6357,PR2907,3,13
MF6357,DTR,2,11
BO1594,TE3279,2,11
AA1357,JP2808,2,10
PR2907,PV2805,3,15
BLM,MC8901,2,10
BLM,BLFZ1,2,10
PN2287,TARG1,3,14
DL1648,FL1848,5,25
CN2845,DL1648,4,20
CN2845,PA5518,6,33
IF2051,CN2845,4,20
1M2825,MA1592,1,4
1M2825,HSA,3,19
1M2825,HS3451,3,18
VR1999,RB5549,4,20
VR1999,RO1870,3,17
VDES,VDE,2,10
E109,VAL1,3,14
PI2982,SRLZ1,2,8
PI2982,MF6357,3,16
PI2982,PO1707,3,14
PI2982,DTR,2,8
PI2982,PLUZ1,2,11
PS7930,SP5946,2,8
LPDZ,BT1769,4,21
LPDZ,PL1442,X,7
LPDZ,QS1717,X,9
PLUZ1,PG1573,2,10
BT1769,ESPL1,6,32
BT1769,PR3117,4,22
BT1769,SL1176,3,15
CL8545,PA1227,2,7
CL8545,CMV,3,15
PB3401,CSS3,2,9
PB3401,PC3146,2,7
IG3316,1E1765,3,15
BL2486,NAVE2,3,15
C21640,BF1835,3,18
C21640,DJOA4,2,12
C21640,PR2162,2,11
C21640,BL2486,5,28
CO1721,AZ1624,4,20
CO1721,HIPD,16,96
TA3010,VI1259,2,8
AR3384,RE3044,2,11
TR2444,AF3087,3,15
PC3064,PD1465,2,10
CS2446,MT2299,2,11
PC1453,CA1424,2,9
ROSA1,RT3298,2,10
RRDL1,MD2820,3,13
LG2865,TMPR2,1,6
GS2804,MA1247,4,20
PCNS,CSRT3,3,18
DIU1,MF6357,2,9
FM1760,LFC2,3,15
LFC2,IK1877,4,20
LFC2,MA3386,3,19
MI1943,MA2767,2,8
PT2659,MI1943,2,11
AV1307,PT2659,2,12
NO6413,JA1259,3,17
312129,FR1082,2,10
JNN2,CR2489,2,10
RC1938,LN1366,4,19
AV2513,RS1089,8,46
BRCV,MS7550,2,13
PS2343,MP1840,2,12
PS2343,FG2887,4,19
AA1662,AC1092,2,10
AS1358,EN1111,12,69
AS1358,IP1771,1,5
IA5883,DE3073,2,11
FR8784,CR2125,2,11
FR8784,BR1365,3,14
FR8784,GL2576,3,15
BNV2,AMSE,3,15
EN3031,PA8620,3,14
EN3031,CH2788,X,7
EN3031,NOC,X,7
SG2783,MP8020,4,22
EC2700,VF1357,2,11
OU3860,EN3031,3,14
OU3860,FL1848,5,25
OU3860,CH2788,X,10
ADM1,PR1149,5,27
ADM1,BTC2,3,15
CA2338,MO3337,3,17
CA2338,MC8430,1,6
CA2338,AR1472,X,11
SDB5,AA1146,2,8
AA2951,IA3230,2,12
JMP1,ADM1,6,37
VF1357,PT4247,2,13
ESS1,PUNV,2,12
CFM,GC2640,5,27
CS1902,AM2406,2,12
SCAT3,PD1658,2,12
AC1873,VG4578,98,586
MN3358,NCON1,2,7
CM1356,PA1372,2,10
HS6137,AZ1624,2,13
HM1129,CS1902,2,11
EN1111,AR8113,4,23
EN1111,AR2202,5,30
EN1111,JF2460,4,20
IB9980,ST3085,2,11
SEMR,VALE,2,13
BG2959,CCL,2,10
GO2195,GG2047,2,11
GO2195,1B2611,3,14
TAN,CV3137,2,9
MV6848,CE2298,3,15
DV2293,MR1844,3,14
EC,1ZC1,3,16
AL3304,JF2785,2,10
1G2638,FA6346,8,45
1G2638,1PEI1,4,22
1P1556,1G2638,6,32
BI1585,DJ3116,2,11
BI1585,JD2306,67,400
FO8720,IA5883,2,7
FO8720,PDLF2,4,21
PA1227,RTNM,2,9
IA3230,MA4105,2,9
OL8727,GC1513,2,12
SZEN1,MP8020,1,5
1DBR1,1M2825,4,22
LI4384,CO2295,2,7
LI4384,MP1840,4,22
JFAL1,DAG1,2,9
ILHA,VL2089,4,23
ILHA,PR3358,4,21
STLN1,ASP2,3,14
1ADA1,CI2941,9,52
VL2089,PR3358,1,6
VL2089,AF3339,4,23
1ZC1,1CAP1,1,6
1CAP1,1MST1,2,11
NOB1,ED1099,3,17
NOB1,CR2390,3,18
EL1156,JG2785,2,9
PI2231,AC3052,3,17
JG2785,LVP,2,9
INFH2,TL1192,83,498
VAL,CP2737,3,13
AGOM1,RM1237,2,12
LG2592,RC1938,3,18
LG2592,PR2125,9,49
LG2592,CR2601,4,20
BVCT1,CZ3100,3,17
PS1619,CP2029,2,8
RGR1,AP1292,3,15
CO1691,AA1146,5,27
CO1691,PR8534,3,17
CO1691,1LOI3,4,21
CO1691,CLRG,2,10
AALB,DJ2951,2,10
MC1804,MA1037,2,7
TARG1,AR2581,3,15
CR3043,RBSS2,6,32
CR3043,IR2166,2,13
BS5,BC2653,3,13
CGG,GODC1,1,7
AR1635,JD2306,34,200
TV1859,AZ1920,3,13
1LOI3,1SBNT1,2,9
CC4733,GD1451,63,379
DJ3116,SO3173,3,15
DJ3116,LB5790,9,50
FE1619,CPRN4,1,6
FE1619,ML1776,2,11
BA9686,PR1151,2,11
BA9686,IGAL1,3,16
IGAL1,PD2792,4,20
EIR3,BF1835,2,13
MA4105,SC1341,2,11
DSS,IP3228,2,8
CAZ,SC1341,4,22
NAVE2,C21640,3,13
MRD,C21640,2,11
DQL1,AL2408,21,122
BMAF1,SR2852,1,6
CN2881,BR2897,2,13
CCBR,SV3016,2,9
AN2044,CS1046,2,9
AN2044,LD2795,2,8
BR2897,QT1838,2,9
UR9405,PR3606,2,11
UR9405,URBP3,2,9
SD1832,MRS2,4,19
SD1832,FRB,6,34
SD1832,AB1593,4,25
SD1832,FZIN1,6,37
LR3170,JB9828,3,15
LR3170,ASZE1,4,24
MF1,VLN1,2,10
IS1549,AC1873,2,8
TP1508,EQ3378,3,14
TP1508,SC8866,4,20
TP1508,TMEI1,2,8
VN6869,PC2423,3,17
PL8415,CS6251,2,11
SS6989,ES1912,2,9
PA2190,GU2273,2,8
PA2190,CH1464,88,526
BR1687,AS2101,4,19
SP4176,PS7930,2,11
AA2740,SR1357,2,10
FALC,CR2384,2,8
PD1465,TC1359,3,14
CSJ4,IS2129,3,17
PC2166,PD2792,31,184
AEPT1,BR2743,3,14
MO2705,OG1585,2,12
DRB2,IS7127,2,10
PL1005,CS1562,3,14
PL1005,FG2606,3,18
MFB2,MS1,2,11
MFB2,LGAJ3,X,9
MFB2,GN2503,X,9
MFB2,PL1442,X,8
MFB2,CAVE4,X,10
FL1588,TL2295,2,9
FL1588,SMMM1,2,12
FL1588,MT3103,21,126
FL1588,GU2701,20,115
CT8136,AA2740,2,8
VA2818,ST2995,2,9
RC2158,VN4702,2,11
TH3051,LN2718,3,17
OG1585,DRB2,2,9
OG1585,RCT1,2,10
C31794,BH1080,2,8
QS1717,JM1319,2,12
QS1717,ESPL2,3,18
SMMM1,SM3282,2,12
EQ7222,PA3175,4,19
CV3137,AN1376,92,548
CV3137,MDLI2,2,12
MTD,AN1376,4,24
SM3282,SMMM2,3,14
SM3282,LA1068,4,22
SM3282,MO2705,4,20
LA1068,AR4770,1,6
LA1068,TH3051,3,14
GU2701,AR2471,1,7
ST2858,OT5528,2,13
CS1562,FG1305,3,15
FG1305,CS2446,2,8
PT2373,GD2009,2,11
PT2373,PD1337,2,8
CV7713,CO7757,4,19
CV7713,CP1587,3,14
CN2443,PI9422,2,12
IS2070,IB9980,2,13
AV3110,BJ2736,2,12
BL2038,TL1192,53,317
BL2038,AM1919,2,10
AL3039,IS2070,2,12
AL3039,TLHR3,3,14
AL3039,UF2412,4,19
BRA1,ST2136,3,14
CS6251,VN6869,3,13
CS1351,AD4498,3,15
SS8901,BZ2583,3,14
ST2995,ST9093,3,14
TP3926,PS2465,2,8
TP3926,SG2783,2,9
AR4770,RCT2,2,11
CV3203,FE2668,2,8
CR2359,DN4347,2,9
CR2359,AFHQ3,2,8
AS3038,CS2827,2,12
AS3038,SS6989,4,21
MA3385,CR2359,2,12
MA3385,GO2074,2,7
PC2423,PC2166,2,12
AZ2586,CN2794,3,13
SM1796,SM3282,3,13
SM1796,PA2190,16,95
TL2295,AM1919,3,15
DA1191,PC8907,3,13
HM7076,SE1728,2,10
AP1644,ST1776,3,18
AP1644,RNSG2,2,7
PM1344,PP6997,2,13
PM1344,CC3195,47,280
ST1485,CM3394,2,10
ST1485,ES3351,3,14
ST9093,ST1485,2,10
VI1259,IC3257,3,16
CV1086,CB3132,2,11
AVM1,MT1263,2,8
MF7909,PA2190,2,12
CB3132,VA2818,3,14
CB3132,CA3179,4,21
RM1237,QB3392,2,12
RM1237,LGDM2,1,7
DA2913,CV1086,2,8
ES3351,BR1687,3,13
ED2537,MT3363,2,12
ST1459,TF2,2,10
AG2619,VTC2,3,16
AM2406,RE3052,3,17
TM8057,RM1237,3,13
AE8238,AG2619,2,7
AE8238,1ZC1,3,14
NOC,JM7842,8,47
NOC,GO2195,9,50
NOC,AR1472,5,30
BI2477,MC8430,4,20
BI2477,PA9908,3,14
BI2477,MCE4,3,17
BI2477,CH2788,X,9
BI2477,NOC,X,6
COB6,RGR1,2,11
1T2785,RF2257,3,16
1T2785,CDL2,2,13
VTC2,FTN2,1,7
PQBT3,MA3385,2,10
CO2258,AGOM1,2,10
CO2258,COB6,1,6
SA1817,PC8907,3,14
SA1817,AVM1,1,6
SA1817,DJ1,3,14
RF2257,RT3208,2,8
PR2787,MJ1738,2,12
MT1263,GO6161,2,12
MT1263,SA1817,2,11
HM4316,ICDF1,2,10
SP1779,ME2272,90,537
SP1779,MA4323,3,17
SP1779,PD2401,4,23
QTI,RA1873,4,21
PQ7567,MA3385,3,14
LO1726,SP1779,2,11
GO6161,PQ7567,5,27
GO6161,LO1726,2,10
UF2412,IP3228,3,14
PC8907,ETRP2,2,9
AH1768,DA1191,3,17
AH1768,FN1845,96,576
SE1728,SD1415,3,14
CO7757,HS4476,3,13
CO7757,FG2887,3,18
CO7757,VF2780,3,14
BR2924,MT1263,2,11
BR2924,PQ7567,4,20
BR2924,GO6161,2,8
CZ3100,QT5084,1,6
CZ3100,BC2653,3,19
SA2701,AU1994,2,13
SA2701,VD2175,4,22
VN5229,MR1281,2,12
PR2680,TR2349,4,19
PR2680,FIG,3,15
PR2680,LA7245,2,10
PR2680,JN5673,4,24
CO2295,PS2343,2,8
CO2295,DC4376,6,33
ED1099,AA2951,4,19
ED1099,TI1747,5,28
ED1099,FV2324,3,13
CI2941,PP2277,2,12
CI2941,CA7045,9,52
MT3363,AGAS2,2,10
AS2101,ED2537,21,124
AS2101,BV4597,3,14
LG8407,RAZ,3,14
LG8407,BN7548,4,24
BV4597,C31794,2,9
RS1643,TM8057,2,11
MJ1738,CDL2,2,12
GD2009,QB3392,2,12
MDCS1,PD1337,2,7
QT1373,AL3304,2,13
LGDM2,CO2258,2,9
CH1814,GE2978,4,20
CH2788,NOC,2,10
RDA2,PT2373,2,8
DI2395,DV2293,5,25
AL1981,BA2390,4,21
AL1981,SA,4,20
DV2,DV2293,3,15
CM3198,PDC,4,19
VE1193,CM2795,4,20
SO1,CC2616,2,10
CS1853,SR1833,3,14
CM1430,VE1193,2,12
CP1838,ML2255,3,14
SA6039,MI9473,2,8
SA6039,MC8430,42,248
SR2488,EM2080,2,12
SO3173,CC2616,2,11
SO3173,LG4030,2,11
SO3173,ARR,2,11
ARR,FMPT,2,12
SR1833,DP3366,22,131
SR1833,BRRS,2,8
GA1081,BR4175,46,272
GA1081,CDPD,2,11
EB2715,SR2488,2,10
BR2480,ACDR1,2,11
CN2794,ZO1512,43,254
GE2978,CM3198,3,14
GE2978,DSRR1,2,9
GE2978,GN2503,3,19
IS7127,CV3203,2,9
IS7127,DR1961,4,22
LG5831,SR1833,2,12
LG5831,HG2228,3,15
LG5831,BRRS,1,7
ES1431,FE3285,2,8
ES1431,HS1848,2,12
ES1431,AS1358,6,31
RU2015,RA2810,3,19
RU2015,SRP1,3,13
RU2015,SE2762,3,18
SMMM2,FL1588,2,9
CMPD2,PD1528,3,17
AGAS2,SX2214,3,13
ACDR1,LB5790,2,9
AGAS1,MT3363,2,8
BLFZ1,JN5673,2,10
BLFZ1,GC2190,4,20
RFZ1,MO7922,2,10
CCL,AL1204,1,6
CM2795,PS2265,5,25
FC8390,PL2535,3,17
FC8390,GRJ,3,18
VI1044,IM2798,3,14
VI1044,JP4078,2,13
VI1044,JA3379,2,9
RF8979,SP4176,3,13
BC4812,CD2268,44,263
JA6625,CH2788,4,22
LFC,FM1760,3,14
LDDM,RE3339,2,7
PM1446,RC2852,1,6
MN2732,CT1901,3,13
CR4246,TV1945,3,16
MSB2,TP2827,3,19
RG1616,LI6201,6,31
RG1616,HIPD,6,33
TV1945,TV3777,2,8
1SBNT1,LPDZ,2,10
1SBNT1,PL1442,X,9
FG2606,PL8415,4,20
FG2606,RGM,2,11
PR2962,PA3175,3,18
PR2962,CALE,2,8
CS9997,CR1955,4,24
JM7842,PR2962,3,18
JM7842,GG2047,2,10
JM7842,DP3366,2,11
DAG1,AG2619,1,6
STP1,MRD,2,10
PA8620,BI2477,3,16
PA8620,CH2788,X,7
PA8620,NOC,X,5
GG2047,CH2788,8,48
BVCM3,1B2611,3,13
BVCM3,BC2653,2,10
BVCM3,BV1043,3,14
BVCM3,JM7842,4,19
PR1759,GC2190,3,13
PR1759,HSM2,2,10
RBVM1,JM7842,3,16
MP3389,EZ2480,3,14
MP3389,RA2810,2,13
MP3389,MP2274,2,11
AR2581,PH1918,4,23
AR2581,TARG2,3,16
AR2581,RC2815,2,11
RM2282,AS1403,3,14
RGLO1,PM6154,3,16
1E1765,1R3286,5,26
MAIA3,MAIA,2,11
MAIA3,FO4447,2,12
PR8534,GGF,1,6
PR8534,GGF1,1,5
AS3353,DA2913,2,12
1SJB1,IR2166,2,8
TC1359,PTLH,2,13
SC8866,ME2272,2,13
SC8866,SC9454,2,12
SC8866,ST2858,4,22
NCON1,EIP1,2,10
OL1393,NO6413,4,22
PI2886,5O1371,31,185
GN2503,CM4611,2,10
QU2529,AR1568,5,26
VR5548,TM2387,1,7
LGAJ3,SP2072,3,14
QN2944,JC1294,2,13
RECA1,JFAL1,2,9
CA7045,BR2368,2,13
RM1146,CH1814,5,26
RM1146,RECA1,5,29
CO7356,RF8979,3,14
EIP1,SZEN1,2,11
HSM2,FG2887,4,21
OT5528,IS2125,2,10
LUG2,SOCR,2,8
RCH2,PR3366,3,17
EQ2023,PR2255,2,9
MR1281,PC3064,2,11
MS6903,RI4113,1,5
PR2255,DA2461,2,12
FN4713,4C2453,2,13
CH5410,MC1631,3,15
PV2109,PM2786,2,10
CM1235,MS6903,2,9
VA9994,CO2340,29,169
VA9994,RT1803,2,11
VA9994,ER7208,2,12
GA3330,CM1235,2,7
SX2214,RG3293,3,13
SX2214,AGAS1,3,15
9A2814,CO3177,2,11
MSB1,BR1165,4,23
TOR4,GU2226,2,10
ST1547,FN1845,2,12
MT2299,SR1212,3,18
FS1324,AS2101,25,145
AC3052,EL1156,2,8
JMA,BG2959,2,10
AL1204,FT3333,3,19
AL1204,JMA,2,8
CR2601,PF3284,4,23
RSH,SP1779,84,502
NE8738,ML3207,3,17
NE8738,MA5590,6,31
PF3284,JRC3,2,11
PF3284,LME1,1,7
TV3777,FR8784,2,7
DP3366,PREP2,24,141
DP3366,SA6039,42,253
DP3366,CALE,2,9
ABX2,BR1165,3,13
CALE,1B2611,1,6
CALE,BS6325,2,12
1SBNT,MS2,2,12
1SBNT,PL1442,X,9
SA,PF4735,2,12
NV1187,PD1337,2,12
TPEN,SEMR,2,8
HR2915,RF2899,2,8
CHC1,GU2451,46,276
GEST,BA1571,2,10
SGMC2,GL2576,3,14
ST2136,BR2411,2,11
ST2136,STLN1,2,10
ZO1512,ES2082,4,19
ZO1512,AS3038,42,250
ZO1512,MP1767,57,342
PN1817,MF7909,2,8
BR2743,ZO1512,3,16
BR2743,PR1149,4,22
FCA,PL2535,2,10
FCA,NOC,X,8
PREP2,BI1585,2,9
MP1767,PM5953,46,274
AM7935,PL3146,2,9
SP2072,AVF2,22,128
SP2072,RA2114,19,109
SP2072,RM1146,2,10
SS9053,CV1289,4,22
SS9053,SA8592,1,6
MP8020,RD2814,3,16
MP8020,MN3358,4,25
MP8020,CS9997,2,10
LGM2,AL2408,2,9
LGM2,AE8238,3,13
BH1080,CO7356,3,14
CB2646,CR1236,3,14
BCNT,CN8102,1,5
AP2370,PL1576,2,7
AP2370,SP4,X,10
AP2370,SP1779,X,11
PL3146,AN3138,3,15
RD2814,RG8030,5,30
CSSH1,VG1628,3,13
PD2401,GO6161,3,14
PD2401,BR2924,2,10
RO1870,AR8113,1,6
BTC2,FR3344,3,15
PR7649,RU2015,4,23
EF3008,CR3043,2,12
BFB,RC1616,2,11
DA2461,FR3344,3,15
MRS2,BVCM3,4,24
MRS2,BC2653,4,21
MRS2,CM1725,3,14
CE2298,PR3366,3,18
CE2298,RPR,2,12
SC1341,ES1200,3,13
SC1341,TXP1,5,28
JA1259,AB1494,2,11
MT2844,CN2881,4,21
BRRS,TCVC,2,11
PCRJ1,JFC,2,8
VL1487,FB3242,2,10
BN7548,ICAM2,3,14
BN7548,FR3216,5,28
GD1451,GU2451,91,542
GD1451,PR2490,2,12
AL2223,AM7935,2,8
ICAM2,MC2794,1,6
ILH2,CR2384,3,13
LE3860,COEM,3,14
LE3860,TPEN,2,11
VR1733,FR1174,4,20
DJ1,CFM,3,16
RCT2,OG1585,2,11
FV2324,CSC,3,15
LW3241,SV3016,2,12
PN8585,BC3087,3,17
PC9404,NV1187,2,9
FR3216,RSH,2,8
EZ2480,PR1401,2,11
EZ2480,LION1,35,207
PR1401,LD2795,3,14
STCT,TPR,1,6
RC1616,BR2518,2,12
PN1338,SR2078,2,11
NVT,SRGB1,1,7
VAL1,LE3860,3,15
VAL1,VAL,2,11
AA1146,1SBNT1,2,11
AA1146,MS2,3,18
AA1146,PRDJ2,2,12
AC2008,AG2210,4,22
PQ5832,VL1487,2,8
RA2810,PR7649,3,13
RA2810,EZ2480,2,10
RA2810,CO1721,9,50
RA2810,RBSS2,13,77
AR3169,JA1326,3,15
